{"cameraMode":{"drawMode":0,"name":"Shaded","section":"Shading Mode"},"sceneLighting":true,"audioPlay":false,"sceneViewState":{"showFog":true,"showMaterialUpdate":false,"showSkybox":true,"showFlares":true,"showImageEffects":true,"showParticleSystems":true},"in2DMode":false,"pivot":{"x":9.420000076293946,"y":1.2200000286102296,"z":20.6200008392334},"rotation":{"x":0.28909799456596377,"y":-0.4114897847175598,"z":0.1393873542547226,"w":0.853099524974823},"size":16.99060821533203,"orthographic":false}