{"cameraMode":{"drawMode":0,"name":"Shaded","section":"Shading Mode"},"sceneLighting":true,"audioPlay":false,"sceneViewState":{"showFog":true,"showMaterialUpdate":false,"showSkybox":true,"showFlares":true,"showImageEffects":true,"showParticleSystems":true},"in2DMode":false,"pivot":{"x":9.420000076293946,"y":1.2200000286102296,"z":20.6200008392334},"rotation":{"x":-0.03386582061648369,"y":0.652065634727478,"z":-0.026889966800808908,"w":-0.7573617100715637},"size":4.041658401489258,"orthographic":true}