{"cameraMode":{"drawMode":0,"name":"Shaded","section":"Shading Mode"},"sceneLighting":true,"audioPlay":false,"sceneViewState":{"showFog":true,"showMaterialUpdate":false,"showSkybox":false,"showFlares":true,"showImageEffects":true,"showParticleSystems":true},"in2DMode":false,"pivot":{"x":-2.432000160217285,"y":1.755000114440918,"z":15.292499542236329},"rotation":{"x":0.013354381546378136,"y":-0.9736116528511047,"z":0.2200811803340912,"w":0.05907820537686348},"size":1.5420777797698975,"orthographic":false}