{"cameraMode":{"drawMode":0,"name":"Shaded","section":"Shading Mode"},"sceneLighting":true,"audioPlay":false,"sceneViewState":{"showFog":true,"showMaterialUpdate":false,"showSkybox":true,"showFlares":true,"showImageEffects":true,"showParticleSystems":true},"in2DMode":false,"pivot":{"x":8.574579238891602,"y":-2.144657611846924,"z":11.884370803833008},"rotation":{"x":-0.009294813498854638,"y":-0.9665566682815552,"z":0.2547474205493927,"w":-0.03451148420572281},"size":14.49252986907959,"orthographic":true}