{"cameraMode":{"drawMode":0,"name":"Shaded","section":"Shading Mode"},"sceneLighting":true,"audioPlay":false,"sceneViewState":{"showFog":true,"showMaterialUpdate":false,"showSkybox":true,"showFlares":true,"showImageEffects":true,"showParticleSystems":true},"in2DMode":false,"pivot":{"x":10.40999984741211,"y":1.090000033378601,"z":19.76099967956543},"rotation":{"x":-0.03274513781070709,"y":-0.6559373140335083,"z":0.02818460762500763,"w":-0.7538429498672485},"size":0.8143427968025208,"orthographic":false}