{"cameraMode":{"drawMode":0,"name":"Shaded","section":"Shading Mode"},"sceneLighting":true,"audioPlay":false,"sceneViewState":{"showFog":true,"showMaterialUpdate":false,"showSkybox":true,"showFlares":true,"showImageEffects":true,"showParticleSystems":true},"in2DMode":false,"pivot":{"x":4.070160865783691,"y":-4.80540657043457,"z":19.676525115966798},"rotation":{"x":0.21131263673305512,"y":-0.7044535279273987,"z":0.23395727574825288,"w":0.6359882354736328},"size":13.034523010253907,"orthographic":false}