{"cameraMode":{"drawMode":0,"name":"Shaded","section":"Shading Mode"},"sceneLighting":true,"audioPlay":false,"sceneViewState":{"showFog":true,"showMaterialUpdate":false,"showSkybox":false,"showFlares":true,"showImageEffects":true,"showParticleSystems":true},"in2DMode":false,"pivot":{"x":10.40999984741211,"y":1.2799997329711915,"z":19.76099967956543},"rotation":{"x":-0.21282097697257996,"y":0.1047244668006897,"z":-0.023200182244181634,"w":-0.971388041973114},"size":40.010372161865237,"orthographic":false}