{"cameraMode":{"drawMode":0,"name":"Shaded","section":"Shading Mode"},"sceneLighting":true,"audioPlay":false,"sceneViewState":{"showFog":true,"showMaterialUpdate":false,"showSkybox":true,"showFlares":true,"showImageEffects":true,"showParticleSystems":true},"in2DMode":false,"pivot":{"x":-5.481623649597168,"y":-2.7549078464508058,"z":17.405122756958009},"rotation":{"x":0.07095135748386383,"y":-0.8865792751312256,"z":0.13963666558265687,"w":0.43605172634124758},"size":17.595090866088868,"orthographic":true}