{"cameraMode":{"drawMode":0,"name":"Shaded","section":"Shading Mode"},"sceneLighting":true,"audioPlay":false,"sceneViewState":{"showFog":true,"showMaterialUpdate":false,"showSkybox":true,"showFlares":true,"showImageEffects":true,"showParticleSystems":true},"in2DMode":false,"pivot":{"x":-5.481623649597168,"y":-2.7549078464508058,"z":17.405122756958009},"rotation":{"x":0.15014171600341798,"y":-0.6640325784683228,"z":0.1357048749923706,"w":0.7202786207199097},"size":17.595090866088868,"orthographic":true}