{"cameraMode":{"drawMode":0,"name":"Shaded","section":"Shading Mode"},"sceneLighting":true,"audioPlay":false,"sceneViewState":{"showFog":true,"showMaterialUpdate":false,"showSkybox":true,"showFlares":true,"showImageEffects":true,"showParticleSystems":true},"in2DMode":false,"pivot":{"x":6.418425559997559,"y":1.1565126180648804,"z":4.769999980926514},"rotation":{"x":0.1518702507019043,"y":-0.7187851071357727,"z":0.16315998136997224,"w":0.6590451002120972},"size":22.0,"orthographic":true}