{"cameraMode":{"drawMode":0,"name":"Shaded","section":"Shading Mode"},"sceneLighting":true,"audioPlay":false,"sceneViewState":{"showFog":true,"showMaterialUpdate":false,"showSkybox":false,"showFlares":true,"showImageEffects":true,"showParticleSystems":true},"in2DMode":false,"pivot":{"x":-1.753000020980835,"y":1.0980000495910645,"z":11.579500198364258},"rotation":{"x":0.012834236957132817,"y":-0.9871701002120972,"z":-0.11421786993741989,"w":-0.11092217266559601},"size":52.870121002197269,"orthographic":false}