{"cameraMode":{"drawMode":0,"name":"Shaded","section":"Shading Mode"},"sceneLighting":true,"audioPlay":false,"sceneViewState":{"showFog":true,"showMaterialUpdate":false,"showSkybox":true,"showFlares":true,"showImageEffects":true,"showParticleSystems":true},"in2DMode":false,"pivot":{"x":-0.5060000419616699,"y":1.4860000610351563,"z":11.579500198364258},"rotation":{"x":-0.02047201804816723,"y":-0.9626706838607788,"z":0.2589898109436035,"w":-0.07610825449228287},"size":36.421756744384769,"orthographic":false}